{"w": -112.043462697492, "s": 40.6386578924562, "e": -111.986614596096, "n": 40.6674732504403}